,Code,Course,Round1_x,Round2_x,Round1_y,Round2_y,Round1,Round2
0,AL801,Software Design with Virtual Reality and Gaming,304,328,303.0,,300.0, 
1,AL802,Software Design with Cloud Computing,301,306,332.0,,313.0, 
2,AL803,Software Design with Mobile Apps and Connected Devices,309,337,337.0,,350.0, 
3,AL805,Network Management and Cloud Infrastructure,329,442,333.0,,321.0, 
4,AL810,Quantity Surveying,307,349,319.0,,328.0, 
5,AL820,Mechanical and Polymer Engineering,300,358,308.0,,327.0, 
6,AL830,General Nursing,410,429,442.0,,451.0,444
7,AL832,Psychiatric Nursing,387,403,387.0,384,440.0,431
8,AL836,Nutrition and Health Science,352,383,334.0,,346.0, 
9,AL837,Sports Science with Exercise Physiology,351,392,351.0,,357.0, 
10,AL838,Biotechnology,302,372,307.0,,324.0, 
11,AL839,Microbiology,322,371,325.0,,325.0, 
12,AL840,Pharmaceutical Sciences,328,411,347.0,,346.0, 
13,AL841,Athletic and Rehabilitation Therapy,423,430,430.0,,477.0, 476
14,AL842,Bioveterinary Science,310,366,313.0,,338.0, 
15,AL843,Physical Activity and Health Science,310,330,306.0,,306.0, 
16,AL850,Business,307,356,309.0,,309.0, 
17,AL851,Business and Law,301,341,295.0,,302.0, 
18,AL852,Accounting (with optional placement),290,346,309.0,,336.0, 
19,AL853,Accounting and Law,305,320,,,,
20,AL855,Hospitality Management (with International placement),312,357,308.0,,309.0, 
21,AL857,Digital Marketing,300,360,304.0,,304.0, 
22,AL860,Social Care Practice,309,338,300.0,,301.0, 
23,AL861,Animation and Illustration (portfolio),615,899,578.0,,575.0,
24,AL863,Graphic and Digital Design (portfolio),703,898,781.0,,747.0,
25,AL864,Early Years Care and Education,307,348,307.0,,306.0, 
26,AL870,Applied Psychology,409,445,418.0,,484.0,467
27,CW018,"Business (options, Wexford)",327,349,298.0,248,307.0, 
28,CW028,Early Childhood Education and Care (Wexford),252,308,252.0,,260.0, 
29,CW038,"Art (portfolio, Wexford)",700,700,700.0,,700.0,
30,CW058,Tourism and Event Management (Wexford),252,262,298.0,,292.0, 
31,CW068,Applied Social Studies - Professional Social Care (Wexford),251,280,245.0,,250.0, 
32,CW078,Sustainable Farm Management and Agribusiness (Wexford),266,320,269.0,,270.0, 
33,CW088,Visual Communications and Design (Wexford),309,345,274.0,,270.0, 
34,CW108,Science (options),261,326,261.0,,266.0, 
35,CW128,Brewing and Distilling,271,298,263.0,,307.0, 
36,CW178,Sport Science (options),399,424,,,,
37,CW188,Sport Rehabilitation and Athletic Therapy,454,473,451.0,448,451.0, 
38,CW208,Computer Games Development,281,338,279.0,,272.0, 
39,CW238,Software Development,300,343,297.0,,295.0, 
40,CW248,Information Technology Management,307,357,285.0,,293.0, 
41,CW258,Cybercrime and IT Security,300,328.0,293.0,,292.0, 
42,CW268,Computing in Interactive Digital Art and Design,274,321.0,287.0,,291.0, 
43,CW438,Construction (options),271,308.0,272.0,,260.0, 251
44,CW468,Architectural Technology,252,290.0,262.0,,291.0, 283
45,CW478,Civil Engineering,348,383.0,433.0,,465.0, 
46,CW548,Mechanical Engineering,310,351.0,321.0,,330.0, 328
47,CW558,Electronic Systems,279,338.0,280.0,,280.0, 
48,CW568,Aerospace Engineering,366,422.0,380.0,,371.0, 359
49,CW578,TV and Media Production,327,361.0,325.0,,318.0, 
50,CW708,Law - LLB,298,328.0,302.0,,292.0, 
51,CW728,Product Design Innovation,286,355.0,252.0,,246.0, 
52,CW748,Early Childhood Education and Care,265,338.0,270.0,,290.0, 
53,CW758,Applied Social Studies - Professional Social Care,290,319.0,336.0,,360.0, 358
54,CW808,Media and Public Relations,248,307.0,251.0,,247.0, 
55,CW848,Digital Marketing with Analytics,279,307.0,254.0,,269.0, 
56,CW858,"Sports Management and Coaching (options, portfolio)",700,700.0,700.0,,700.0,
57,CW908,Business (options),260,307.0,280.0,,272.0, 
58,CW938,Business with Law,270,288.0,283.0,,270.0, 
59,CW948,Accounting,301,408.0,300.0,,319.0, 
60,PC405,"Social, Political and Community Studies",251,296.0,253.0,216,263.0, 235
61,PC410,Arts and Humanities (fulfils Teaching Council requirements),203,289.0,252.0,209,262.0, 230
62,PC411,English and History (fulfils Teaching Council requirements),168,289.0,255.0,209,243.0, 224
63,CR105,Chemical and Biopharmaceutical Engineering,432,498.0,443.0,,443.0, 
64,CR106,Software Development,351,393.0,411.0,,431.0, 
65,CR108,Mechanical Engineering,425,487.0,434.0,,434.0, 
66,CR109,Structural Engineering,341,467.0,394.0,,396.0, 
67,CR110,Automotive Business Management and Technology,318,347.0,311.0,,336.0, 
68,CR112,Creative Digital Media,335,389.0,361.0,,390.0, 
69,CR116,Computer Systems,318,381.0,332.0,,365.0, 
70,CR121,Music at CIT Cork School of Music,633,1052.0,868.0,,904.0,904
71,CR125,Popular Music: Electric Bass Guitar at CIT Cork School of Music,972,1021.0,1088.0,,102.0,8    
72,CR126,Popular Music: Drums at CIT Cork School of Music,878,1043.0,801.0,,,
73,CR127,Popular Music: Electric Guitar at CIT Cork School of Music,584,761.0,838.0,768,,
74,CR128,Popular Music: Keyboards at CIT Cork School of Music,839,1009.0,840.0,,,
75,CR129,Popular Music: Voice at CIT Cork School of Music,857,927.0,841.0,,,
76,CR130,Musical Theatre,500,600.0,548.0,518,525.0,
77,CR150,Business Information Systems,326,371.0,335.0,,350.0, 
78,CR210,"Contemporary Applied Art (Ceramics, Glass, Textiles) at CIT Crawford",979,979.0,,,450.0,
79,CR220,Fine Art at CIT Crawford College of Art and Design,620,819.0,,,400.0,
80,CR225,Photography with New Media,920,920.0,,,435.0,
81,CR305,Physical Sciences (Common Entry),279,309.0,282.0,,260.0, 
82,CR310,IT Management,282,317.0,297.0,,347.0, 
83,CR320,Biomedical Science (Offered jointly by CIT and UCC),546,556.0,565.0,,590.0,
84,CR325,Pharmaceutical Biotechnology,388,422.0,398.0,,466.0, 
85,CR333,Nutrition and Health Science,360,393.0,402.0,,425.0, 
86,CR335,Biological Sciences (Common Entry),381,419.0,420.0,,473.0, 
87,CR340,Analytical Chemistry with Quality Assurance,288,315.0,251.0,,327.0, 
88,CR360,Instrument Engineering,291,329.0,261.0,,301.0, 
89,CR365,Environmental Science and Sustainable Technology,334,362.0,253.0,,262.0, 
90,CR370,Agri-Biosciences,408,431.0,397.0,,368.0, 
91,CR400,Accounting,316,389.0,316.0,,315.0, 
92,CR420,Marketing,288,329.0,285.0,,290.0, 
93,CR425,International Business with Language,300,392.0,298.0,,279.0, 
94,CR500,Engineering (Common Entry),381,424.0,411.0,,475.0, 
95,CR510,Sustainable Energy Engineering,319,343.0,320.0,,320.0, 
96,CR520,Biomedical Engineering,434,477.0,444.0,,444.0, 
97,CR560,Architectural Technology,288,332.0,308.0,,375.0, 
98,CR565,Interior Architecture,336,390.0,359.0,,431.0, 
99,CR570,Quantity Surveying,279,342.0,336.0,,375.0, 
100,CR572,Construction Management,253,300.0,269.0,,300.0, 
101,CR580,Electrical Engineering,344,374.0,318.0,,342.0, 
102,CR590,Electronic Engineering,342,411.0,303.0,,329.0, 
103,CR600,Visual Communications,587,888.0,,,280.0,
104,CR660,Tourism Management,249,290.0,252.0,,246.0, 
105,CR700,Theatre and Drama Studies at CIT Cork School of Music,768,906.0,740.0,645,609.0,609
106,CK101,Arts - 3 years,300,368.0,300.0,,300.0, 
107,CK102,Social Science,391,431.0,412.0,,434.0, 431
108,CK104,Arts with Music - 3 or 4 years (BMus or Chinese/European/Int`l Pathway),340,409.0,302.0,,339.0,
109,CK105,Film and Screen Media - 3 years or 4 years (International Pathway),397,442.0,368.0,337,421.0, 420
110,CK107,Geographical and Archaeological Sciences - 3 or 4 years (Int`l Pathway),326,388.0,328.0,,312.0, 
111,CK108,Arts International - 4 years,429,466.0,401.0,,440.0,440
112,CK109,English - 3 years or 4 years (International Pathway),347,423.0,318.0,,367.0, 357
113,CK110,World Languages,456,506.0,452.0,433,488.0, 
114,CK111,Early Years and Childhood Studies,398,429.0,419.0,,409.0, 403
115,CK112,Theatre and Performative Practices - 3 or 4 years (Int`l Pathway),324,470.0,330.0,,371.0,
116,CK113,Criminology - 3 years or 4 years (International Pathway),408,430.0,423.0,,464.0, 463
117,CK114,Social Science (Youth and Community Work) - 3 years,,,,,,        
118,CK115,Social Work - Mature Applicants only,,,,,,    
119,CK116,Sports Studies and Physical Education,499,520.0,,,,
120,CK118,Digital Humanities and IT - 3 or 4 years (Work Exper. or Int`l Pathway),307,361.0,336.0,,347.0, 339
121,CK120,Applied Psychology,506,532.0,533.0,532,544.0, 543
122,CK121,Psychology and Computing - 3 or 4 years (Work Experience Pathway),393,466.0,466.0,,499.0, 488
123,CK122,Government and Political Science,355,410.0,337.0,328,399.0, 
124,CK201,Commerce,465,489.0,477.0,,500.0, 499
125,CK202,Accounting,467,506.0,509.0,,553.0, 543
126,CK203,Business Information Systems,409,444.0,430.0,,455.0, 452
127,CK204,Finance,531,555.0,556.0,,566.0,566
128,CK205,Commerce (International) with French,409,473.0,445.0,,465.0, 
129,CK206,Commerce (International) with German,408,446.0,420.0,418,466.0, 455
130,CK207,Commerce (International) with Italian,408,425.0,388.0,,423.0, 418
131,CK208,Commerce (International) with Hispanic Studies,431,455.0,402.0,,488.0, 486
132,CK209,Commerce (International) with Irish,509,528.0,484.0,,507.0, 
133,CK211,Commerce (International) with Chinese Studies,398,420.0,397.0,,385.0, 
134,CK212,Economics (Transformational Learning) - 3 or 4 years (Int`l Pathway),400,429.0,444.0,,445.0, 444
135,CK301,Law (Pathways) -  3 or 4 years,476,519.0,507.0,499,533.0, 532
136,CK302,Law and French,453,531.0,542.0,,545.0, 
137,CK304,Law and Irish,462,510.0,540.0,,588.0, 
138,CK307,Law and Business,522,554.0,556.0,,589.0,589
139,CK401,Computer Science,402,456.0,468.0,,503.0, 495
140,CK402,Biological and Chemical Sciences,498,520.0,510.0,509,555.0,555
141,CK404,"Biological, Earth and Environmental Sciences",412,451.0,467.0,,500.0, 495
142,CK405,Genetics,476,496.0,487.0,,543.0, 
143,CK406,Chemical Sciences,457,488.0,485.0,472,532.0, 
144,CK407,Mathematical Sciences,531,578.0,566.0,565,566.0, 
145,CK408,Physics and Astrophysics,511,566.0,554.0,542,566.0, 
146,CK409,Industrial Physics (offered jointly by UCC and CIT),413,532.0,432.0,,465.0, 
147,CK411,Data Science and Analytics,509,542.0,510.0,,531.0, 
148,CK412,Agricultural Science,457,509.0,496.0,496,506.0, 
149,CK502,Food Marketing and Entrepreneurship,433,456.0,,,,
150,CK504,Nutritional Sciences,492,509.0,518.0,,555.0, 554
151,CK505,Food Science,444,477.0,441.0,440,463.0, 
152,CK506,International Development and Food Policy,367,410.0,,,,
153,CK600,Engineering,465,532.0,487.0,,510.0, 509
154,CK606,Architecture (offered jointly by UCC and CIT),465,496.0,484.0,476,543.0, 
155,CK701,Medicine (Undergraduate Entry - HPAT required),729,740.0,731.0,,738.0,737
156,CK702,Dentistry,590,613.0,613.0,613,625.0,625
157,CK703,Pharmacy,577,589.0,590.0,589,613.0,613
158,CK704,Occupational Therapy,532,554.0,566.0,555,601.0,
159,CK705,Speech and Language Therapy,509,529.0,520.0,,568.0, 566
160,CK706,Public Health Sciences,419,451.0,454.0,,500.0, 
161,CK707,Medical and Health Sciences,510,543.0,542.0,541,578.0,
162,CK710,General Nursing,440,466.0,454.0,,498.0,497
163,CK712,Children`s and General Nursing (Integrated),499,520.0,533.0,,565.0, 
164,CK720,Mental Health Nursing,398,429.0,423.0,,455.0, 452
165,CK730,Intellectual Disability Nursing,359,388.0,419.0,411,431.0, 
166,CK740,Midwifery,444,474.0,484.0,,509.0,
167,CK791,Medicine  - Graduate Entry (GAMSAT required),58,59.0,57.0,,,60     60
168,AC120,International Business,234,269.0,209.0,,294.0, 294
169,AC137,Liberal Arts,252,275.0,252.0,,271.0, 270
170,CT125,Information Technology,235,280.0,220.0,,242.0, 242
171,CM001,Education - Primary Teaching,452,462.0,484.0,,508.0, 
172,CM002,Education - Primary Teaching - Gaeltacht Applicants,421,440.0,,,462.0,
173,CM003,Oideachas - Bunmhúinteoireacht Trí Mheán na Gaeilge,491,506.0,528.0,,513.0,
174,CM004,Oideachas - Bunmhúinteoireacht Trí Mheán na Gaeilge (daltaí Gaeltachta),492,569.0,494.0,,480.0,
175,CM010,Education Studies,317,373.0,319.0,,382.0, 327
176,CM020,Early Childhood Education,336,363.0,327.0,,317.0, 
177,DB500,Computing,242,320.0,218.0,218,234.0, 234
178,DB501,Computing (Cloud Computing),326,329.0,227.0,227,,    178
179,DB502,Computing (Data Analytics and Big Data),269,269.0,341.0,341,267.0, 233
180,DB503,Computing (Software Development),242,282.0,225.0,225,,    
181,DB504,Computing (Web and Mobile Technology),227,269.0,,281,,    
182,DB510,Audio Production and Music Project Management,233,293.0,234.0,223,217.0, 217
183,DB512,Business Studies,229,301.0,218.0,203,243.0, 210
184,DB514,Business Studies (Law),269,337.0,252.0,,239.0, 225
185,DB515,Business Studies (Human Resource Management),225,288.0,244.0,244,242.0, 217
186,DB516,Financial Services,328,336.0,,,,
187,DB517,Event Management,226,327.0,238.0,,233.0, 225
188,DB518,Marketing (Digital Media),210,289.0,,,307.0, 209
189,DB521,Accounting and Finance,225,271.0,225.0,195,243.0, 228
190,DB524,Business Information Systems,402,402.0,342.0,309,247.0, 239
191,DB525,Marketing (Digital Media and Cloud Computing),284,309.0,,,288.0, 288
192,DB526,Business Information Systems (Cloud Computing),253,288.0,347.0,,244.0, 244
193,DB527,Applied Social Care,235,288.0,234.0,260,254.0, 219
194,DB531,Marketing,220,288.0,293.0,,288.0, 176
195,DB562,Psychology,208,310.0,243.0,229,244.0, 233
196,DB566,Social Science,216,308.0,220.0,227,262.0, 228
197,DB567,Film,192,295.0,218.0,202,245.0, 213
198,DB568,Law,245,308.0,219.0,252,254.0, 228
199,DB569,Business (Psychology),279,338.0,252.0,,240.0, 240
200,DC001,Education - Early Childhood Education,398,424.0,440.0,,445.0, 
201,DC002,Education - Primary Teaching,462,485.0,488.0,,518.0,
202,DC003,Education - Primary Teaching - Gaeltacht Applicants,433,473.0,445.0,,489.0,
203,DC004,Education - Primary Teaching (Church of Ireland Centre formerly CICE),357,,411.0,409,451.0,
204,DC005,Education - Primary Teaching - Irish Sign Language,316,316.0,,,,
205,DC009,Arts (Joint Honours) - Humanities,347,408.0,376.0,,356.0, 
206,DC010,Post Primary Teacher Education - Religious Education and English,386,413.0,441.0,429,384.0, 
207,DC011,Post Primary Teacher Education - Religious Education and History,352,389.0,412.0,391,409.0, 
208,DC012,Post Primary Teacher Education - Religious Education and Music,367,415.0,378.0,,409.0, 
209,DC013,Post Primary Teacher Ed - Gaeilge with French/German/Spanish,410,509.0,419.0,,413.0, 
210,DC014,BA in Jazz and Contemporary Music Performance,428,590.0,419.0,,311.0,
211,DC110,Business Studies International,440,462.0,465.0,,498.0, 
212,DC111,Business Studies,463,479.0,488.0,,511.0, 
213,DC112,Global Business (France),495,510.0,517.0,510,542.0,
214,DC113,Global Business (Germany),440,476.0,462.0,,484.0, 
215,DC114,Global Business (Spain),501,543.0,522.0,,544.0, 
216,DC115,Accounting and Finance,487,500.0,510.0,,544.0, 
217,DC116,Global Business (USA),578,589.0,579.0,,613.0,
218,DC117,Aviation Management / Aviation Management with Pilot Studies,463,487.0,476.0,475,484.0, 
219,DC118,Gnó agus Gaeilge / Business and Irish,357,399.0,359.0,,368.0, 
220,DC119,Global Business (Canada),566,577.0,564.0,,601.0, 
221,DC120,Enterprise Computing,350,389.0,357.0,,403.0, 402
222,DC121,Computer Applications,370,418.0,400.0,,475.0, 
223,DC123,Data Science,467,511.0,465.0,,501.0, 
224,DC126,Actuarial Mathematics,520,543.0,560.0,,577.0,
225,DC127,Common Entry into Actuarial and Financial Mathematics,509,531.0,532.0,520,541.0, 
226,DC131,Communication Studies,400,441.0,407.0,402,421.0, 
227,DC132,Journalism,401,440.0,429.0,422,452.0, 
228,DC133,Multimedia,403,451.0,411.0,410,435.0, 
229,DC155,Applied Language and Translation Studies,371,430.0,387.0,,427.0, 
230,DC161,Analytical Science,446,463.0,498.0,489,498.0, 
231,DC162,Chemical and Pharmaceutical Sciences,488,498.0,521.0,,531.0,
232,DC166,Environmental Science and Technology,412,442.0,433.0,399,423.0,
233,DC167,Physics with Astronomy,434,477.0,,,,
234,DC168,Genetics and Cell Biology,489,500.0,512.0,510,543.0,
235,DC171,Applied Physics,402,433.0,,,,
236,DC173,Physics with Biomedical Sciences,402,458.0,,,,
237,DC181,Biotechnology,476,488.0,499.0,495,530.0, 
238,DC190,Electronic and Computer Engineering (with choice of four majors),391,433.0,413.0,,488.0, 
239,DC193,Mechatronic Engineering,404,445.0,411.0,,490.0, 
240,DC195,Mechanical and Manufacturing Engineering,401,444.0,425.0,,500.0, 
241,DC197,Biomedical Engineering,402,446.0,423.0,,510.0, 
242,DC200,Common Entry into Engineering (Undenominated Entry),381,444.0,422.0,,511.0, 510
243,DC201,Common Entry into Science (Undenominated Entry),454,477.0,498.0,488,,
244,DC202,Sport Science and Health,467,476.0,500.0,498,511.0, 
245,DC203,Science Education,424,476.0,435.0,,462.0, 
246,DC204,Athletic Therapy and Training,484,500.0,522.0,519,558.0, 
247,DC205,Physical Education with Biology,490,521.0,531.0,,565.0, 
248,DC206,Physical Education with Mathematics,443,476.0,499.0,,521.0, 
249,DC208,Psychology,509,521.0,532.0,521,565.0, 
250,DC209,Health and Society,419,440.0,465.0,440,477.0, 
251,DC215,General Nursing,414,443.0,454.0,433,456.0,
252,DC216,Mental Health Nursing,368,389.0,418.0,403,420.0, 
253,DC217,Intellectual Disability Nursing,347,362.0,370.0,,382.0, 
254,DC218,Children`s and General Nursing (Integrated),467,480.0,500.0,498,521.0,
255,DC230,"Economics, Politics and Law",400,431.0,435.0,,431.0, 
256,DC231,International Relations,387,445.0,397.0,,398.0, 
257,DC232,Law and Society (BCL),453,487.0,466.0,,469.0, 
258,DC235,Education and Training - Daytime Delivery Mode (full-time),307,327.0,309.0,,302.0, 
259,DC238,Social Sciences and Cultural Innovation,358,388.0,377.0,,387.0, 
260,DC240,"Marketing, Innovation and Technology",451,474.0,476.0,474,499.0, 
261,DC291,Arts (Joint Honours) - Media Studies,349,392.0,376.0,,350.0, 
262,DC292,Arts (Joint Honours) - Law,356,388.0,403.0,,400.0, 
263,DC293,Arts (Joint Honours) - International Languages,369,400.0,377.0,,379.0, 
264,DC295,Arts (Joint Honours) - Politics,348,387.0,376.0,,349.0, 
265,DT001,Product Design,433,464.0,,,,
266,DT028,Transport Operations and Technology,279,348.0,,,,
267,DT035,Electrical Services and Energy Management,293,340.0,,,,
268,DT066,Engineering (General Entry),400,457.0,,,,
269,DT101,Architecture (test and interview),618,647.0,,,,
270,DT106,Planning and Environmental Management,312,337.0,,,,
271,DT110,Property Economics (Valuation Surveying),367,424.0,,,,
272,DT111,Quantity Surveying and Construction Economics,391,421.0,,,,
273,DT112,Geographic Science,287,335.0,,,,
274,DT117,Construction Management,356,373.0,,,,
275,DT175,Architectural Technology,388,425.0,,,,
276,DT201,Science (General Entry),464,477.0,,,,
277,DT203,Analytical Chemistry (Environmental Forensic and Pharmaceutical),341,403.0,,,,
278,DT204,Biomedical Science,501,512.0,,,,
279,DT205,Mathematical Sciences,315,363.0,,,,
280,DT206,Biomedical and Molecular Diagnostics,473,487.0,,,,
281,DT211,Computer Science (Infrastructure),381,414.0,,,,
282,DT220,Industrial Mathematics,300,317.0,,,,
283,DT221,Physics with Energy and Environment,348,436.0,,,,
284,DT222,Physics Technology,321,371.0,,,,
285,DT223,Human Nutrition and Dietetics,553,566.0,,,,
286,DT224,Optometry,487,529.0,,,,
287,DT225,Public Health Nutrition,440,476.0,,,,
288,DT227,Science with Nanotechnology,312,361.0,,,,
289,DT228,Computer Science,451,466.0,,,,
290,DT229,Clinical Measurement Science,491,509.0,,,,
291,DT235,Physics with Medical Physics and Bioengineering,357,403.0,,,,
292,DT282,Computer Science (International),377,402.0,,,,
293,DT299,Chemical Sciences with Medicinal Chemistry,420,445.0,,,,
294,DT302,Business Analytics,325,403.0,,,,
295,DT304,E-Commerce in Retailing,341,388.0,,,,
296,DT321,Business and Law,462,478.0,,,,
297,DT341,Marketing,400,419.0,,,,
298,DT343,Retail and Services Management,301,332.0,,,,
299,DT354,Business Computing,322,341.0,,,,
300,DT358,Logistics and Supply Chain Management,300,359.0,,,,
301,DT365,Business and Management,440,456.0,,,,
302,DT366,Accounting and Finance,432,454.0,,,,
303,DT398,Human Resource Management,375,388.0,,,,
304,DT399,Economics and Finance,437,465.0,,,,
305,DT401,International Hospitality Management,300,337.0,,,,
306,DT405,Culinary Science,308,377.0,,,,
307,DT407,Culinary Arts,271,342.0,,,,
308,DT412,Tourism Marketing,284,322.0,,,,
309,DT413,Event Management,356,389.0,,,,
310,DT416,Culinary Entrepreneurship,275,339.0,,,,
311,DT420,Nutraceuticals in Health and Nutrition,392,432.0,,,,
312,DT421,Food Innovation,321,366.0,,,,
313,DT422,Pharmaceutical Healthcare,397,423.0,,,,
314,DT491,Environmental Health,343,380.0,,,,
315,DT501,Music,383,520.0,,,,
316,DT504,Film and Broadcasting,443,467.0,,,,
317,DT506,Commercial Modern Music,468,835.0,,,,
318,DT508,Game Design,403,454.0,,,,
319,DT517,Languages and English Studies,326,419.0,,,,
320,DT518,Languages and International Tourism,307,357.0,,,,
321,DT529,Drama (Performance),371,519.0,,,,
322,DT532,Law (LL.B.),422,441.0,,,,
323,DT533,Contemporary Visual Culture,,,,,,
324,DT544,Interior Design,552,866.0,,,,
325,DT545,Design - Visual Communication,667,897.0,,,,
326,DT546,Fine Art,668,813.0,,,,
327,DT555,International Business and Languages,353,399.0,,,,
328,DT559,Photography,700,926.0,,,,
329,DT571,Social Care,394,424.0,,,,
330,DT572,Early Childhood Education,385,403.0,,,,
331,DT582,Journalism,347,373.0,,,,
332,DT596,Print Media Technology and Management,252,311.0,,,,
333,DT597,Creative and Cultural Industries,280,369.0,,,,
334,DL821,"English, Media and Cultural Studies",211,317.0,212.0,212,,
335,DL822,Arts Management,209,319.0,229.0,229,254.0, 
336,DL823,Business Studies - Entrepreneurship and Management,260,316.0,235.0,,220.0, 
337,DL825,Applied Psychology,349,413.0,379.0,,418.0, 413
338,DL826,Visual Communication Design,736,989.0,855.0,,591.0,
339,DL827,Art,583,902.0,572.0,,574.0,
340,DL828,"3D Design, Modelmaking and Digital Art",691,866.0,506.0,,,
341,DL829,Design for Stage and Screen (Costume Design),817,1021.0,593.0,,,
342,DL830,Design for Stage and Screen (Makeup Design),879,953.0,939.0,,,
343,DL831,Design for Stage and Screen (Production Design),893,1073.0,781.0,,,
344,DL832,Animation,855,1055.0,920.0,,989.0,
345,DL833,Photography,636,791.0,650.0,,671.0,671
346,DL834,Film and Television Production,933,1011.0,990.0,,,
347,DL835,Creative Media Technologies,237,289.0,,,,
348,DL836,Creative Computing,217,326.0,219.0,,235.0, 
349,DL837,New Media Studies,290,349.0,201.0,,298.0, 293
350,DL838,Creative Music Production,746,873.0,754.0,,713.0,
351,GC200,Business Studies (Cork),269,359.0,252.0,252,269.0, 242
352,GC201,Accounting and Finance (Cork),251,388.0,303.0,303,260.0, 226
353,GC230,Computing Science (Cork),228,327.0,335.0,325,300.0, 289
354,GC300,Business Studies (Limerick),251,302.0,429.0,,264.0, 264
355,GC301,Accounting and Finance,307,314.0,253.0,253,,    251
356,GC302,"Business Studies - (HRM, Limerick)",269,269.0,,,377.0, 377
357,GC305,International Hospitality Management (Limerick),327,327.0,253.0,253,,
358,GC400,Business Studies (Dublin),246,297.0,248.0,248,250.0, 228
359,GC401,Accounting and Finance (Dublin),181,309.0,240.0,227,242.0, 242
360,GC402,"Business Studies (HRM, Dublin)",217,290.0,264.0,236,,    
361,GC403,Law (Dublin),225,308.0,244.0,228,245.0, 242
362,GC405,International Hospitality Management (Dublin),254,272.0,,,,
363,GC407,"Business Studies (Marketing, Dublin)",246,330.0,280.0,280,264.0, 264
364,GC430,Computing Science (Dublin),217,269.0,252.0,220,251.0, 251
365,GC450,Journalism and Visual Media (Dublin),227,307.0,254.0,254,225.0, 225
366,GC462,Design Communication (Dublin),,,,,300.0,
367,GC489,Interior Architecture (Dublin),267,361.0,254.0,,288.0,274
368,GC494,Fashion Design (Dublin),,,337.0,217,351.0,
369,ID001,Accounting and Finance,229,291.0,203.0,,,    
370,ID002,Business Studies,285,366.0,294.0,,,    
371,ID003,Business Studies with Chinese,,,,,,
372,BN101,Business,252,289.0,,,,
373,BN103,Business and Information Technology,254,290.0,,,,
374,BN104,Computing (Information Technology),260,293.0,,,,
375,BN107,Applied Social Studies in Social Care,300,328.0,,,,
376,BN108,Engineering (Common Entry with Award options),271,318.0,,,,
377,BN109,Business (Common Entry with Award options),260,279.0,,,,
378,BN110,International Business,253,308.0,,,,
379,BN111,Sports Management and Coaching,270,298.0,,,,
380,BN112,Creative Digital Media,280,329.0,,,,
381,BN113,Horticulture,289,321.0,,,,
382,BN114,Accounting and Finance,280,332.0,,,,
383,BN115,Community and Youth Development,250,298.0,,,,
384,BN117,Computer Engineering in Mobile Systems,273,311.0,,,,
385,BN118,Early Childhood Care and Education,290,320.0,,,,
386,BN119,Digital Marketing,270,308.0,,,,
387,BN120,Digital Forensics and Cyber Security,281,326.0,,,,
388,BN121,Mechatronic Engineering,276,340.0,,,,
389,BN123,"Design,Technology and Innovation",297,318.0,,,,
390,TA022,Creative Digital Media,260,318.0,,,,
391,TA023,Advertising and Marketing Communications,235,299.0,,,,
392,TA024,Early Childhood Care and Education,217,307.0,,,,
393,TA025,Social Care Practice,261,297.0,,,,
394,TA026,International Hospitality and Tourism Management,208,269.0,,,,
395,TA027,Botanical Cuisine,236,273.0,,,,
396,TA028,Digital Marketing Technologies,220,313.0,,,,
397,TA121,Accounting and Finance,202,328.0,,,,
398,TA122,Management,218,297.0,,,,
399,TA123,Marketing Management,207,284.0,,,,
400,TA125,International Business,229,300.0,,,,
401,TA221,Electronic Engineering,251,321.0,,,,
402,TA222,Mechanical Engineering,243,302.0,,,,
403,TA223,Sustainable Energy Engineering,236,305.0,,,,
404,TA224,Biomedical Design,218,324.0,,,,
405,TA225,Automation Engineering,235,288.0,,,,
406,TA226,Engineering Software,243,304.0,,,,
407,TA321,Pharmaceutical Science,261,298.0,,,,
408,TA322,Computing,200,294.0,,,,
409,TA323,Computing with IT Management,243,309.0,,,,
410,TA326,DNA and Forensic Analysis,300,362.0,,,,
411,TA327,Sports Science and Health,341,381.0,,,,
412,TA328,Computing with Language (French/German/Spanish),218,317,,,,
413,TA329,Computing with Data Analytics,218,296,,,,
414,AD101,First Year Art & Design (Common Entry), +mat,ic 550,,,554.0,
415,AD102,Graphic Design and Moving Image Design, +mat,ic 635,,,538.0,
416,AD103,Textile & Surface Design and Jewellery & Objects, +mat,ic 545,,,505.0,
417,AD202,Education & Design or Fine Art (Second Level Teaching), +mat,ic 580,,,591.0,
418,AD204,Fine Art, +mat,ic 600,,,514.0,
419,AD211,Fashion Design, +mat,ic 600,,,760.0,679
420,AD212,Product Design, +mat,ic 600,,,413.0,
421,AD215,Visual Culture,300,338,377.0,320,337.0, 300
422,AD217,Illustration, +mat,ic 625,,,738.0,
423,AD222,Interaction Design, +mat,ic 657,,,444.0,
424,NC003,Computing (Degree Award options),261,316,260.0,,271.0, 
425,NC005,Human Resource Management,297,320,300.0,,301.0, 
426,NC009,Business,297,339,300.0,,300.0, 
427,NC010,Psychology,366,399,400.0,,420.0, 
428,NC020,Marketing Practice,270,307,280.0,,270.0, 
429,NC022,Accounting and Finance,338,376,337.0,,330.0, 
430,NC023,Technology Management (with specialisations),260,303,261.0,,266.0, 
431,NC025,Data Science,297,371,,,,
432,RC001,Medicine - Undergraduate Entry (HPAT required),729,733,733.0,,741.0,740
433,RC004,Physiotherapy,532,542,566.0,,589.0,589
434,RC005,Pharmacy,555,566,579.0,,613.0,613
435,RC101,Medicine - Graduate Entry (GAMSAT required),60,62,,,,    
436,TR002,Music,414,473,435.0,429,508.0, 477
437,TR003,History,486,518,497.0,493,552.0, 543
438,TR004,Law,532,552,566.0,565,590.0,589
439,TR005,Philosophy,391,446,442.0,,510.0, 497
440,TR006,Psychology,555,577,567.0,555,601.0,590
441,TR007,Clinical Speech and Language Studies,499,529,529.0,,564.0,
442,TR009,Music Education,430,465,420.0,,496.0,486
443,TR012,History and Political Science,532,557,555.0,554,,
444,TR015,"Philosophy, Political Science, Economics and Sociology",566,577,589.0,,613.0,613
445,TR016,Deaf Studies,337,372,340.0,,389.0, 
446,TR017,Law and Business,576,589,602.0,,,
447,TR018,Law and French,532,554,565.0,,602.0,602
448,TR019,Law and German,523,555,543.0,542,577.0, 567
449,TR020,Law and Political Science,567,600,602.0,,,
450,TR021,"Classics, Ancient History and Archaeology",377,495,370.0,,467.0, 462
451,TR022,Early and Modern Irish,347,407,398.0,,377.0, 
452,TR023,English Studies,463,511,487.0,476,546.0, 541
453,TR024,European Studies,520,544,544.0,542,566.0, 
454,TR025,Drama and Theatre Studies,489,531,564.0,530,543.0,519
455,TR028,Ancient and Medieval History and Culture,339,451,342.0,,498.0, 463
456,TR029,Political Science and Geography,477,500,526.0,520,,
457,TR031,Mathematics,566,589,531.0,,579.0, 578
458,TR032,Engineering,487,520,510.0,509,556.0, 555
459,TR033,Computer Science,465,488,509.0,,566.0,549
460,TR034,Management Science and Information Systems Studies,589,602,613.0,,625.0,625
461,TR035,Theoretical Physics,554,601,543.0,,590.0, 589
462,TR038,Engineering with Management,499,543,532.0,,589.0,589
463,TR039,Computer Science and Language,435,498.0,454.0,424,443.0, 
464,TR040,Middle Eastern and European Languages and Cultures,485,518.0,466.0,,520.0, 499
465,TR041,Religion,347,393.0,368.0,,417.0, 
466,TR051,Medicine (HPAT required),730,739.0,735.0,734,743.0,    743
467,TR052,Dental Science,590,602.0,613.0,613,625.0,625
468,TR053,Physiotherapy,533,544.0,566.0,566,590.0,
469,TR054,Occupational Therapy,500,520.0,533.0,,578.0,577
470,TR055,Radiation Therapy,510,521.0,543.0,,577.0, 566
471,TR056,Human Health and Disease,543,565.0,565.0,,601.0,
472,TR060,Biological and Biomedical Sciences,510,542.0,543.0,543,578.0,577
473,TR061,Chemical Sciences,488,520.0,517.0,510,558.0, 554
474,TR062,Geography and Geoscience,435,485.0,473.0,,495.0, 
475,TR063,Physical Sciences,498,543.0,498.0,498,554.0, 543
476,TR072,Pharmacy,555,577.0,590.0,,613.0,613
477,TR080,Global Business,565,577.0,589.0,,613.0,
478,TR081,"Business, Economic and Social Studies (BESS)",518,542.0,543.0,543,577.0, 567
479,TR082,Computer Science and Business,510,542.0,555.0,,,
480,TR083,Sociology and Social Policy,451,474.0,498.0,487,,
481,TR084,Social Studies (Social Work),420,462.0,462.0,,497.0, 487
482,TR085,Business Studies and French,509,553.0,540.0,531,564.0, 
483,TR086,Business Studies and German,474,495.0,509.0,499,530.0, 
484,TR087,Business Studies and Russian,467,487.0,474.0,465,487.0, 
485,TR089,Business Studies and Polish,393,434.0,444.0,424,391.0, 
486,TR090,Business Studies and Spanish,510,543.0,531.0,,566.0, 
487,TR091,General Nursing (Meath and St James`s),393,420.0,429.0,,462.0, 456
488,TR093,General Nursing (Adelaide School of Nursing),378,409.0,430.0,429,473.0,
489,TR095,Mental Health Nursing,358,377.0,408.0,,442.0, 
490,TR097,Intellectual Disability Nursing,346,350.0,396.0,,412.0, 410
491,TR911,Children`s and General Nursing (Integrated),476,487.0,511.0,510,531.0,
492,TR913,Midwifery,423,462.0,478.0,477,521.0, 
493,DN100,Architecture,473,509.0,510.0,,555.0, 
494,DN120,Landscape Architecture,353,403.0,407.0,,463.0, 435
495,DN130,City Planning and Environmental Policy,367,421.0,407.0,400,445.0, 424
496,DN150,Engineering (Common Entry),511,554.0,531.0,521,565.0,
497,DN200,Science (options),521,554.0,533.0,,577.0, 567
498,DN201,Computer Science (Common Entry),488,509.0,510.0,,554.0, 549
499,DN230,Actuarial and Financial Studies,577,589.0,601.0,,613.0,613
500,DN250,Agricultural Science (options),420,462.0,456.0,455,454.0, 444
501,DN252,Dairy Business,398,428.0,410.0,,,
502,DN253,Agri - Environmental Sciences,403,419.0,418.0,,,
503,DN261,Food Science,434,467.0,477.0,,531.0, 
504,DN262,Human Nutrition,493,510.0,531.0,,566.0, 
505,DN271,Forestry,303,361.0,311.0,,,
506,DN272,"Horticulture, Landscape and Sportsturf Management",252,312.0,297.0,282,,
507,DN300,Veterinary Medicine - Undergraduate Entry,567,589.0,589.0,,601.0,    
508,DN301,Veterinary Medicine - Graduate Entry,,,,,,    
509,DN310,Veterinary Nursing,441,487.0,478.0,477,521.0, 509
510,DN400,Medicine - Undergraduate Entry (HPAT required),735,745.0,737.0,736,743.0,    
511,DN401,Medicine - Graduate Entry (GAMSAT required),59,61.0,,,,61     
512,DN410,Radiography,507,522.0,534.0,532,566.0,566
513,DN411,Radiography - Graduate Entry,,,,,,        
514,DN420,Physiotherapy,542,555.0,578.0,577,601.0,601
515,DN425,Health and Performance Science,488,509.0,510.0,509,544.0, 543
516,DN430,Sport and Exercise Management,436,455.0,455.0,445,484.0, 476
517,DN440,"Biomedical, Health and Life Sciences",565,579.0,590.0,589,613.0,613
518,DN450,General Nursing,398,420.0,429.0,424,462.0,
519,DN451,Children`s and General Nursing (Integrated),462,499.0,509.0,506,533.0, 
520,DN452,Midwifery,409,452.0,489.0,476,510.0, 509
521,DN453,Mental Health Nursing,379,403.0,397.0,393,442.0, 
522,DN520,Arts (Two Subjects),336,408.0,310.0,,381.0, 378
523,DN530,Humanities (options),348,411.0,340.0,336,397.0, 388
524,DN541,Modern Languages (options),348,412.0,303.0,,320.0, 
525,DN600,Law (options),520,532.0,546.0,544,576.0, 567
526,DN610,Business and Law,521,543.0,545.0,,573.0, 567
527,DN650,Commerce,498,510.0,521.0,521,555.0, 
528,DN660,Commerce International (options),507,531.0,517.0,511,555.0, 554
529,DN670,Economics and Finance,601,601.0,613.0,,625.0,625
530,DN700,Social Sciences (options),388,441.0,421.0,419,475.0, 474
531,DN710,Economics,476,488.0,498.0,498,534.0, 532
532,DN720,Psychology,517,531.0,530.0,522,566.0, 564
533,DN750,Social Policy and Sociology,330,366.0,378.0,,421.0, 
534,DK810,Accounting and Finance,306,391.0,305.0,305,307.0, 307
535,DK816,Business Studies,300,357.0,300.0,300,301.0, 301
536,DK820,Computing in Games Development,307,369.0,311.0,311,309.0, 309
537,DK821,Computing in Software Development,301,347.0,302.0,302,320.0, 316
538,DK830,Building Surveying,302,349.0,336.0,,305.0, 
539,DK831,Architectural Technology,301,366.0,389.0,,368.0, 314
540,DK832,Construction Management,300,329.0,387.0,,358.0, 305
541,DK843,Engineering (Common Entry),303,402.0,340.0,340,404.0, 391
542,DK860,Music,499,649.0,532.0,532,,
543,DK861,Arts,300,358.0,302.0,302,302.0, 302
544,DK862,Social Care,300,338.0,301.0,,322.0, 319
545,DK863,Creative Media,300,376.0,308.0,308,336.0, 320
546,DK864,Film and Television Production,300,332.0,300.0,300,308.0, 
547,DK865,Audio and Music Production,301,346.0,301.0,,352.0, 
548,DK870,General Nursing,392,401.0,403.0,401,440.0,440
549,DK872,Intellectual Disability Nursing,300,317.0,336.0,,367.0, 366
550,DK874,Mental Health Nursing,356,378.0,356.0,,398.0, 
551,DK876,Early Childhood Studies,305,359.0,321.0,,300.0, 
552,DK877,Midwifery,398,441.0,440.0,,482.0, 477
553,DK880,Health and Physical Activity,300,367.0,328.0,,301.0, 
554,DK882,Agriculture (Award options),303,358.0,310.0,,342.0, 
555,DK883,Science (Award options),300,369.0,358.0,321,373.0, 368
556,GA181,Accounting,303,378.0,309.0,,303.0, 
557,GA182,Business,290,347.0,287.0,,285.0, 
558,GA183,Business Information Systems,309,373.0,296.0,,298.0, 
559,GA184,Marketing and Sales,307,348.0,307.0,,300.0, 
560,GA185,Finance and Economics,307,398.0,293.0,,318.0, 
561,GA186,Business with Entrepreneurship,297,328.0,280.0,,287.0, 
562,GA187,Rural Enterprise and Agri-Business (Mountbellew Campus),280,367.0,281.0,,291.0, 
563,GA281,Film and Documentary,287,360.0,304.0,,310.0, 301
564,GA282,Heritage Studies,238,308.0,220.0,,252.0, 
565,GA283,Contemporary Art,260,340.0,679.0,,790.0,
566,GA284,Design,309,377.0,303.0,,331.0, 
567,GA380,International Hotel Management,225,289.0,242.0,,218.0, 
568,GA381,International Tourism Management,261,290.0,278.0,,252.0, 
569,GA382,Culinary and Gastronomic Science,225,316.0,206.0,,235.0, 
570,GA384,Event Management with Public Relations,209,289.0,212.0,,230.0, 
571,GA385,Retail Management,219,319.0,,,,
572,GA480,Construction Management,260,312.0,260.0,,302.0, 
573,GA482,Quantity Surveying and Construction Economics,280,340.0,288.0,,304.0, 
574,GA483,Architectural Technology,251,321.0,265.0,,281.0, 273
575,GA484,Civil Engineering,270,362.0,290.0,,377.0, 
576,GA580,Software and Electronic Engineering,301,351.0,300.0,,300.0, 
577,GA680,Mechanical Engineering,336,389.0,330.0,,400.0, 
578,GA681,Energy Engineering,281,328.0,293.0,,312.0, 
579,GA682,Biomedical Engineering,331,383.0,313.0,,331.0, 
580,GA683,Agricultural Engineering,301,365.0,309.0,,304.0, 
581,GA684,Engineering (Common entry to Agri/Biomed/Energy/Mech Eng),346,406.0,340.0,,413.0, 
582,GA780,Applied Freshwater and Marine Biology,300,360.0,327.0,,366.0, 
583,GA781,Applied Biology and Biopharmaceutical Science,317,376.0,337.0,,381.0, 
584,GA782,Chemical and Pharmaceutical Science,307,346.0,336.0,,356.0, 
585,GA783,Physics and Instrumentation,373,378.0,363.0,,301.0, 
586,GA784,Science (Undenominated),327,377.0,372.0,,445.0, 
587,GA785,Medical Science,451,486.0,473.0,,517.0, 510
588,GA786,Forensic Science and Analysis,300,366.0,317.0,,408.0, 
589,GA787,Computing in Software Development,275,327.0,270.0,,310.0, 
590,GA788,Computing and Digital Media,270,327.0,274.0,,270.0, 
591,GA789,Agriculture and Environmental Management (Mountbellew Campus),297,339.0,287.0,,340.0, 
592,GA790,Sport and Exercise Science,350,379.0,356.0,,376.0, 366
593,GA791,Public Health Nutrition,364,397.0,368.0,,368.0, 
594,GA880,General Nursing - Mayo Campus,389,400.0,429.0,422,440.0,
595,GA882,Psychiatric Nursing - Mayo Campus,346,370.0,367.0,,369.0, 
596,GA885,Outdoor Education - Mayo Campus,210,298.0,252.0,,269.0, 
597,GA887,History and Geography - Mayo Campus,228,296.0,244.0,,201.0, 
598,GA889,Applied Social Care - Mayo Campus,260,297.0,266.0,,265.0, 
599,GA890,Early Childhood Care and Education - Mayo Campus,278,319.0,270.0,,281.0, 227
600,GA980,Education (Design Graphics and Construction) - Letterfrack Campus,376,389.0,377.0,,410.0, 
601,GA981,Furniture Design and Manufacture - Letterfrack Campus,271,350.0,,,346.0, 
602,GA982,Furniture and Wood Technology - Letterfrack Campus,270,352.0,,,360.0, 
603,GY101,Arts (Joint-Honours),300,374.0,300.0,,327.0, 326
604,GY104,Arts (Psychology),507,529.0,523.0,520,564.0, 555
605,GY105,Arts (History),318,358.0,301.0,,357.0, 
606,GY107,Na Dána (Gaeilge agus Léann an Aistriúcháin),330,397.0,409.0,,,
607,GY109,Arts (Mathematics and Education),411,487.0,403.0,,413.0, 
608,GY110,Arts with Children's Studies,382,409.0,357.0,,387.0, 
609,GY111,Arts with Creative Writing,402,472.0,330.0,,421.0, 420
610,GY112,Arts with Film Studies,338,370.0,321.0,,,
611,GY113,Arts with Human Rights,338,409.0,368.0,,413.0, 
612,GY115,Arts with Performing Arts Studies,328,367.0,387.0,,300.0, 
613,GY118,"Arts (Drama, Theatre and Performance Studies)",410,451.0,451.0,,453.0, 430
614,GY119,Journalism,410,475.0,400.0,,484.0, 473
615,GY120,"Arts (Child, Youth and Family: Policy and Practice)",309,346.0,350.0,,,
616,GY121,Arts (Children's Studies),356,389.0,356.0,,,
617,GY122,Na Dána (Cumarsáid agus Gaeilge),308,399.0,361.0,,410.0, 
618,GY123,BSc (Applied Social Sciences),357,388.0,358.0,,419.0, 
619,GY124,Arts (Arts with Data Science),434,466.0,454.0,,,
620,GY125,Arts (Digital Arts and Technology),324,379.0,328.0,,403.0, 
621,GY126,Arts (English and Media Studies),418,451.0,391.0,,,
622,GY127,Arts (Film and Digital Media),387,435.0,401.0,,430.0, 421
623,GY128,Arts (Global Languages),370,440.0,352.0,,346.0, 
624,GY129,Arts (International),408,477.0,420.0,,465.0, 
625,GY130,Arts (Music),400,444.0,408.0,,462.0, 
626,GY131,Arts (History and Globalisation Studies),340,431.0,360.0,,,
627,GY132,"Government (Politics, Economics and Law)",402,444.0,407.0,,465.0, 451
628,GY133,Education (Computer Science and Mathematical  Studies),401,466.0,422.0,,454.0, 
629,GY201,Commerce,420,453.0,433.0,,476.0, 
630,GY202,Commerce (International) with French,484,513.0,484.0,,520.0, 
631,GY203,Commerce (International) with German,489,541.0,489.0,,518.0, 
632,GY204,Commerce (International) with Spanish,484,500.0,495.0,,506.0, 
633,GY206,Business Information Systems (Work Placement & Optional Int`l Study),431,445.0,465.0,,509.0, 
634,GY207,Commerce (Accounting) including optional Global Experience year,486,510.0,509.0,,543.0, 
635,GY208,Commerce (Gaeilge),473,488.0,473.0,,508.0, 
636,GY209,Commerce (Global Experience),509,531.0,530.0,,551.0, 
637,GY250,Law & Business,436,467.0,487.0,,510.0, 
638,GY251,Law,473,498.0,499.0,,542.0, 
639,GY252,Law & Human Rights,510,521.0,520.0,,565.0, 
640,GY261,"Business Studies (International Hotel Management, Shannon)",486,615.0,497.0,,503.0,
641,GY262,"Commerce (International Hotel Management, Shannon)",671,726.0,681.0,,709.0,
642,GY301,Science,400,456.0,433.0,432,489.0, 488
643,GY303,Biomedical Science,533,566.0,556.0,,613.0, 
644,GY304,Biotechnology,473,507.0,465.0,,498.0, 495
645,GY308,Environmental Science,413,440.0,408.0,,431.0, 430
646,GY309,Financial Mathematics and Economics,454,498.0,487.0,,509.0, 
647,GY310,Marine Science,409,456.0,419.0,,467.0, 
648,GY313,Environmental Health and Safety,402,435.0,412.0,,412.0, 
649,GY314,Earth and Ocean Sciences,402,425.0,403.0,,422.0, 
650,GY318,Biopharmaceutical Chemistry,510,532.0,509.0,,555.0, 
651,GY319,Mathematical Science,456,531.0,476.0,,543.0, 
652,GY320,"Physics (Degree options: Applied,Astrophysics,Biomedical,Theoretical)",401,487.0,402.0,,465.0, 
653,GY350,Computer Science and Information Technology,425,466.0,403.0,,495.0, 
654,GY401,Engineering (Undenominated),444,499.0,465.0,,522.0, 520
655,GY402,Civil Engineering,509,543.0,455.0,,533.0, 521
656,GY405,Mechanical Engineering,443,499.0,454.0,,541.0, 
657,GY406,Electronic and Computer Engineering,509,547.0,510.0,,555.0, 
658,GY408,Biomedical Engineering,519,543.0,509.0,,554.0, 
659,GY410,Project and Construction Management,434,464.0,403.0,,431.0, 
660,GY413,Energy Systems Engineering,532,589.0,502.0,,509.0, 
661,GY414,Electrical and Electronic Engineering,454,487.0,405.0,,433.0, 
662,GY501,"Medicine (five year/six year course, HPAT required)",726,731.0,728.0,,737.0,    737
663,GY502,Occupational Therapy,532,543.0,555.0,,601.0, 
664,GY503,Speech and Language Therapy,529,543.0,543.0,,578.0, 
665,GY504,Podiatric Medicine,434,463.0,443.0,,531.0, 526
666,GY515,General Nursing (Galway and Portiuncula),442,466.0,476.0,473,502.0, 496
667,GY516,Mental Health Nursing,388,413.0,440.0,,475.0, 441
668,GY517,Midwifery,429,468.0,495.0,,520.0, 509
669,LY108,Business - Accounting,318,399.0,309.0,,312.0, 
670,LY118,Business,287,352.0,290.0,,288.0, 
671,LY208,Law,300,359.0,300.0,,300.0, 290
672,LY218,Business - with Spanish/Irish options,298,367.0,,,,
673,LY228,Sports and Exercise (Common Entry),278,330.0,300.0,,290.0, 
674,LY408,Design (Common Entry),307,368.0,320.0,,301.0,
675,LY508,Fire Safety Engineering,270,299.0,276.0,,283.0, 
676,LY518,Quantity Surveying,307,368.0,301.0,,304.0, 
677,LY528,Construction Management,267,291.0,271.0,,262.0, 
678,LY608,Mechanical Engineering,304,333.0,300.0,,300.0, 
679,LY618,Electronics and Embedded Systems,307,339.0,312.0,,321.0, 
680,LY708,Applied Computing,300,348.0,306.0,,320.0, 
681,LY818,Science (Common Entry),302,371.0,303.0,,302.0, 
682,LY828,Agriculture (Common Entry),300,342.0,307.0,,308.0, 300
683,LY908,General Nursing,383,390.0,400.0,,429.0,
684,LY918,Psychiatric Nursing,291,332.0,357.0,,367.0,
685,LY928,Intellectual Disability Nursing,288,299.0,326.0,,357.0, 
686,LY968,"Early Childhood Care, Health and Education",300,336.0,303.0,,288.0, 
687,LY978,Health & Social Care (Common Entry),260,299.0,280.0,,279.0, 
688,MI001,Contemporary & Applied Theatre Studies,345,381.0,375.0,,209.0, 
689,MI002,Arts (offered in conjunction with the University of Limerick),300,378.0,300.0,281,280.0, 
690,MI005,Education - Primary Teaching,473,506.0,495.0,,522.0, 
691,MI006,Education - Primary Teaching (Gaeltacht Applicants),442,473.0,456.0,,485.0,
692,MI007,Early Childhood Care and Education,366,402.0,357.0,,409.0, 
693,MI008,Education and Psychology - Primary Teaching,543,555.0,588.0,,590.0, 
694,MI009,"Education, Business Studies and Accounting (Thurles Campus)",392,420.0,402.0,,434.0, 
695,MI010,"Education, Business Studies and Religious Studies (Thurles Campus)",326,355.0,368.0,,370.0, 
696,MI011,"Education, Irish and Religious Studies (Thurles Campus)",377,387.0,409.0,,407.0, 
697,MI012,"Education, Irish and Business Studies (Thurles Campus)",398,440.0,401.0,,387.0, 
698,MI013,"Education, Mathematics and Gaeilge (Thurles Campus)",433,465.0,444.0,,509.0, 
699,CI101,Counselling and Psychotherapy (Limerick),276,328.0,,,,
700,LC110,"Art and Design (Common Entry, portfolio)",734,918.0,740.0,,794.0,
701,LC114,Fashion and Textiles for Product and Costume (portfolio),900,988.0,880.0,,914.0,
702,LC220,Digital Marketing,254,288.0,262.0,,263.0, 
703,LC223,Law and Taxation,308,372.0,307.0,,331.0, 
704,LC224,Accounting and Finance,299,382.0,300.0,,300.0, 
705,LC225,Marketing and Management,298,337.0,298.0,,298.0, 
706,LC226,Enterprise and Innovation,216,298.0,234.0,234,255.0, 
707,LC233,Software Development,300,371.0,272.0,,280.0, 
708,LC234,Interactive Digital Media,219,288.0,225.0,,226.0, 
709,LC236,Internet Systems Development,298,319.0,262.0,260,260.0, 
710,LC239,Computer Networks and Systems Management,335,347.0,307.0,,317.0, 
711,LC241,Construction Management,276,303.0,255.0,,326.0, 
712,LC242,Property Valuation and Management,292,328.0,282.0,,308.0, 
713,LC243,Quantity Surveying,281,360.0,294.0,,278.0, 
714,LC248,Built Environment (Common Entry),307,350.0,288.0,,300.0, 
715,LC252,Civil Engineering Management,281,331.0,270.0,,264.0, 
716,LC263,Clinical Technology,282,359.0,294.0,,391.0, 
717,LC265,Forensic and Pharmaceutical Sciences,335,368.0,413.0,,498.0, 
718,LC266,Drug and Medicinal Product Analysis,236,299.0,262.0,,252.0, 
719,LC275,Electrical Engineering,288,340.0,298.0,,361.0, 347
720,LC288,Mechanical Engineering,307,360.0,347.0,346,378.0, 369
721,LC289,Precision Engineering,280,369.0,291.0,,261.0, 
722,LC292,Social Care Work,360,389.0,367.0,,374.0, 
723,LC293,Business Studies with Travel and Tourism Management,299,326.0,307.0,,271.0, 264
724,LC294,Business Studies with Event Management,271,300.0,279.0,,279.0, 
725,LC295,Business Studies with Sports Management,263,298.0,252.0,,262.0, 
726,LC297,Community Development,217,269.0,235.0,,272.0, 262
727,LC320,Business,337,378.0,346.0,,381.0, 
728,LC330,Business with Computing,298,326.0,297.0,,328.0, 308
729,LC340,Interior Design,298,349.0,350.0,,391.0, 368
730,LC362,Biotechnology and Biopharmaceutical Sciences,379,402.0,413.0,,429.0, 
731,LC371,Creative Broadcast and Film Production,298,339.0,309.0,,325.0, 310
732,LC372,Music Technology and Production,321,369.0,325.0,,377.0, 
733,LC374,Renewable and Electrical Energy Engineering,317,368.0,318.0,,337.0, 319
734,LC375,Industrial Automation & Robotic Systems,321,368.0,317.0,,309.0, 
735,LC376,Electronic Engineering,308,346.0,318.0,,357.0, 
736,LC380,Automotive Engineering and Transport Management,282,329.0,303.0,298,298.0, 
737,LC392,Beauty and Spa Management,217,318.0,236.0,,328.0, 317
738,LC393,Early Childhood Education & Care,260,309.0,236.0,,309.0, 276
739,LC401,Early Childhood Education & Care (Thurles),298,387.0,297.0,,,
740,LC402,Social Care Work (Thurles),209,290.0,225.0,,228.0, 
741,LC408,Environmental and Geographical Sciences (Thurles),262,346.0,279.0,,279.0, 
742,LC411,Marketing and Management (Thurles),226,300.0,,,,
743,LC418,Computing - Games Design and Development (Thurles),271,318.0,270.0,,260.0, 256
744,LC422,Sports Strength and Conditioning (Thurles),288,333.0,298.0,,289.0, 
745,LC434,Environmental Management in Agriculture (Thurles),278,347.0,297.0,,,
746,LC502,"Game Art and Design (Clonmel, portfolio)",838,950.0,852.0,,841.0,
747,LC517,Creative Media and Design (Clonmel),229,273.0,234.0,,279.0, 
748,LC518,"Digital Animation Production (Clonmel, portfolio)",816,962.0,808.0,,807.0,
749,LC612,Social Care Work (Ennis),319,338.0,320.0,,309.0, 
750,LC613,Early Childhood Education & Care (Ennis),346,388.0,242.0,,,
751,LM002,Arts (offered in conjunction with Mary Immaculate College),329,388.0,348.0,,360.0,360
752,LM020,Law and Accounting,436,476.0,465.0,,474.0, 
753,LM026,Performing Arts (audition required),307,367.0,303.0,,329.0,
754,LM028,Criminal Justice,387,409.0,418.0,,420.0, 
755,LM029,Law Plus,473,499.0,490.0,,530.0, 
756,LM038,Psychology and Sociology,478,489.0,500.0,,530.0, 
757,LM039,Journalism and New Media,388,430.0,402.0,,432.0, 
758,LM040,European Studies,350,462.0,369.0,,409.0, 
759,LM044,Applied Languages,404,473.0,442.0,,429.0, 
760,LM050,Business Studies,419,455.0,431.0,,451.0, 
761,LM056,International Business,511,543.0,528.0,,555.0,
762,LM058,Financial Mathematics,434,543.0,403.0,,468.0, 
763,LM063,Technology Management,372,409.0,379.0,,410.0, 
764,LM068,Food Science and Health,400,430.0,421.0,,464.0,
765,LM076,Product Design and Technology (portfolio required),402,466.0,408.0,,401.0,
766,LM077,Aeronautical Engineering,469,531.0,520.0,,567.0, 
767,LM082,Construction Management and Engineering,368,404.0,398.0,,446.0,
768,LM089,Sport and Exercise Sciences,441,466.0,474.0,,498.0,
769,LM090,Physical Education with concurrent Teacher Education,498,520.0,532.0,,552.0, 544
770,LM092,Science with Teacher Ed (Biology with Physics/Chemistry/Ag Science),478,509.0,507.0,,521.0, 
771,LM093,Equine Science,338,381.0,339.0,,367.0, 
772,LM094,Materials and Architectural Technology with concurrent Teacher Education,405,433.0,440.0,,475.0, 
773,LM095,Materials and Engineering Technology with concurrent Teacher Education,358,409.0,367.0,,425.0, 
774,LM096,Science with Teacher Ed (Physical Sciences with Chemistry and Physics),382,422.0,405.0,,454.0, 
775,LM099,Architecture (portfolio required),419,473.0,498.0,,520.0, 
776,LM100,Physiotherapy,565,577.0,589.0,,613.0,
777,LM101,Medicine  - Graduate Entry (GAMSAT required),55,57.0,55.0,,,57     
778,LM102,Psychology,495,519.0,509.0,,534.0, 
779,LM103,Paramedic Studies (B and C1 Drivers Licence),313,403.0,392.0,,429.0,
780,LM115,Chemical and Biochemical Engineering,456,520.0,454.0,,476.0, 
781,LM116,Engineering (Biomedical/Civil/Design and Manufacture/Mechanical),434,498.0,476.0,,498.0,
782,LM118,Electronic and Computer Engineering,401,498.0,403.0,,445.0, 
783,LM121,Computer Science (Computer Systems/Games Dev/Mobile Comm Security),352,420.0,351.0,,402.0, 
784,LM122,Creative Media and Interaction Design (Digital Design/Music Media Tech),330,430.0,327.0,,382.0, 
785,LM123,Biological & Chemical Sciences (Biosci/Envir Sci/Ind Bio/IndPharma Chem),412,455.0,441.0,,498.0,
786,LM124,Mathematics (Math Science/Maths and Physics/Economics and Math Scien,e)427,521.0,437.0,,455.0, 
787,LM125,Physics (Applied Physics/Mathematics and Physics),405,509.0,404.0,,489.0, 
788,LM150,General Nursing,440,463.0,475.0,,498.0,487
789,LM152,Mental Health Nursing,388,418.0,419.0,,478.0, 466
790,LM154,Intellectual Disability Nursing,381,408.0,420.0,,462.0, 443
791,LM156,Midwifery,429,444.0,469.0,,521.0,508
792,MU001,Theology and Arts,290,318.0,290.0,290,294.0, 294
793,MU002,Theology,292,377.0,440.0,,,    
794,MH001,Education - Primary Teaching (Froebel),496,520.0,507.0,,564.0, 
795,MH002,Education - Primary Teaching - Gaeltacht Applicants (Froebel),441,,,,,    
796,MH101,Arts,316,369.0,318.0,,338.0, 336
797,MH103,Music,,367.0,,,,        
798,MH106,Psychology - 3 years,495,499.0,521.0,,554.0, 
799,MH107,Social Science,326,349.0,346.0,,390.0, 
800,MH109,Media Studies,317,377.0,316.0,,324.0, 
801,MH116,Community and Youth Work (Full-Time),,271.0,,,,        
802,MH201,Science,350,392.0,360.0,,401.0, 400
803,MH202,Biotechnology,429,446.0,455.0,,490.0, 489
804,MH204,Physics with Astrophysics,420,488.0,422.0,,422.0, 
805,MH206,Theoretical Physics and Mathematics,498,566.0,510.0,,521.0, 
806,MH207,Data Science,434,466.0,445.0,,444.0, 
807,MH208,Biological and Biomedical Sciences,451,476.0,498.0,,543.0, 
808,MH209,Psychology (through Science) - 4 years,473,485.0,498.0,,529.0, 
809,MH210,Pharmaceutical and Biomedical Chemistry,446,466.0,487.0,,510.0, 
810,MH212,Science/Computer Science/Mathematics (with Education) - options,444,476.0,422.0,,452.0, 443
811,MH304,Engineering (Computer/Electronic/Communications),371,423.0,333.0,333,351.0, 351
812,MH305,Product Design,358,411.0,357.0,,326.0, 
813,MH306,Robotics and Intelligent Devices,361,424.0,361.0,,362.0, 
814,MH401,Finance (options),352,392.0,357.0,,370.0, 
815,MH402,Quantitative Finance,476,487.0,476.0,,476.0, 
816,MH403,Accounting and Finance,402,432.0,422.0,,424.0, 
817,MH404,Business (options),400,429.0,430.0,,441.0, 
818,MH405,Equine Business,357,398.0,357.0,,,
819,MH407,Business and Accounting,401,420.0,420.0,,423.0, 
820,MH411,Entrepreneurship,358,388.0,371.0,,378.0, 
821,MH501,LLB Law - four year Single Major Law programme,451,476.0,473.0,,507.0, 
822,MH502,Law (options),410,442.0,451.0,,465.0, 
823,MH601,Computer Science through Arts (options),342,369.0,352.0,,381.0, 
824,MH602,Computer Science through Science (options),357,413.0,351.0,,400.0, 
825,MH603,Computational Thinking,520,543.0,532.0,,520.0, 
826,MH801,Early Childhood - Teaching and Learning (part-time),347,358.0,327.0,,,AQA      AQA
827,MH802,"Community and Youth Work (part-time, in service",,,,#,,    
828,MH803,"Local Studies or Community Studies (part-time, evening)- Mature Students",,,,#,,    
829,AS001,"Education, Home Economics and Biology - with concurrent Teacher Ed",456,497.0,510.0,,542.0, 533
830,AS002,"Education, Home Economics and Religious Ed - with concurrent Teacher Ed",400,433.0,441.0,434,464.0, 452
831,AS003,"Education, Home Economics and Irish - with concurrent Teacher Ed",421,457.0,440.0,440,463.0,457
832,AS051,"Nutrition, Food and Business Management",337,399.0,328.0,317,378.0, 347
833,AS054,Home Economics,387,401.0,408.0,398,440.0,419
834,AS110,General Nursing,391,409.0,419.0,,440.0,432
835,AS130,Intellectual Disability Nursing,317,338.0,336.0,328,387.0, 358
836,SG141,Business,252,317.0,261.0,,262.0, 
837,SG142,Business in International Marketing and Sales with French,270,388.0,279.0,,,
838,SG144,Business in International Marketing and Sales with Spanish,280,388.0,270.0,,,
839,SG146,Accounting,307,347.0,309.0,,304.0, 
840,SG147,Sport with Business,269,316.0,307.0,,288.0, 
841,SG148,Tourism with Event Management,246,282.0,269.0,,298.0, 
842,SG149,Business in Finance and Investment,262,357.0,,,,
843,SG241,Performing Arts,279,348.0,328.0,,341.0, 
844,SG242,Early Childhood Care and Education,278,318.0,279.0,,287.0, 
845,SG243,Social Care Practice,297,338.0,301.0,,309.0, 
846,SG244,Fine Art,355,496.0,505.0,,501.0,
847,SG245,Creative Design,261,338.0,282.0,,332.0, 
848,SG246,Computing,295,368.0,290.0,,316.0, 
849,SG247,English and Psychology,308,336.0,309.0,,319.0, 
850,SG248,Sociology and Politics,282,320.0,281.0,,298.0, 
851,SG249,Writing and Literature,279,338.0,297.0,,308.0, 
852,SG250,Application Design and User Experience,290,431.0,412.0,,,
853,SG251,Computing (Smart Technologies),303,391.0,327.0,,,
854,SG252,Software Development,300,354.0,307.0,,310.0, 
855,SG253,Computer Networks and Cloud Infrastructure,273,341.0,324.0,,336.0, 
856,SG343,Quantity Surveying,261,302.0,311.0,,300.0, 
857,SG346,Construction Project Management and Applied Technology,289,351.0,291.0,,313.0, 
858,SG347,Architecture,309,357.0,360.0,,403.0, 
859,SG441,Environmental Science,297,358.0,,,,
860,SG442,Occupational Safety and Health,289,330.0,290.0,,307.0, 
861,SG443,Human Nutrition,357,419.0,356.0,,376.0, 
862,SG444,Science (Undenominated),308,369.0,338.0,,358.0, 
863,SG445,Pharmaceutical Science with Drug Development,347,369.0,311.0,,357.0, 
864,SG446,Applied Archaeology,289,290.0,,,,
865,SG447,Health Science and Physical Activity,316,363.0,328.0,,326.0, 
866,SG448,Forensic Investigation and Analysis,306,348.0,306.0,,308.0, 
867,SG449,Medical Biotechnology,329,352.0,341.0,,315.0, 
868,TL801,Animation Visual Effects and Motion Design,281,341.0,281.0,,718.0,
869,TL802,"TV, Radio and New Media",306,356.0,325.0,,322.0, 
870,TL803,Music Technology,264,288.0,,,,
871,TL810,Computing with Software Development,309,341.0,310.0,,308.0, 
872,TL811,Computing with Games Development,310,334.0,358.0,,322.0, 
873,TL812,Computing with Digital Media,369,369.0,,,,
874,TL815,Computing (Degree Award options),308,378.0,308.0,,307.0, 
875,TL823,Event Management (3 year programme),291,346.0,299.0,,293.0, 
876,TL831,Business Studies (Major Specialism in: Acctng or Mktg or Mgmnt),307,372.0,306.0,,306.0, 
877,TL842,Construction Management,,,,,,    
878,TL844,Agricultural Engineering,311,368.0,300.0,,301.0, 
879,TL845,Civil Engineering,300,364.0,325.0,,361.0, 
880,TL847,Manufacturing Engineering,,,302.0,,305.0, 
881,TL848,Agricultural Science,331,362.0,308.0,,307.0, 
882,TL851,Wildlife Biology (Degree Award options),310,362.0,309.0,,309.0, 
883,TL855,Pharmaceutical Science (Degree Award options),342,386.0,317.0,,316.0, 
884,TL858,Veterinary Bioscience,326,369.0,308.0,,317.0, 
885,TL871,Health and Leisure (Degree Award options),303,346.0,300.0,,303.0, 
886,TL872,Health and Leisure with Massage,288,357.0,309.0,,314.0, 
887,TL873,Coaching and Sports Performance,282,336.0,289.0,,308.0, 
888,TL880,Early Childhood Care and Education,307,347.0,307.0,,309.0, 
889,TL881,Social Care,308,356.0,308.0,,301.0, 
890,TL889,Counselling with Addiction - Mature applicants only,,,,,,    
891,TL890,General Nursing and Mature Applicants,407,431.0,440.0,414,463.0, 
892,TL891,Mental Health Nursing and Mature Applicants,367,379.0,389.0,378,440.0, 419
893,WD001,Applied Computing (options),279,358.0,260.0,260,270.0, 261
894,WD002,Science (options),302,377.0,308.0,,279.0, 
895,WD005,Health Sciences (options),288,347.0,280.0,,271.0, 
896,WD006,Exercise Sciences (options),282,337.0,280.0,,270.0, 
897,WD007,Engineering (options),287,382.0,288.0,288,270.0, 270
898,WD025,Construction Management and Engineering,269,327.0,269.0,,262.0, 
899,WD027,Music,290,317.0,262.0,,321.0,
900,WD048,Business (options),278,357.0,271.0,,279.0, 
901,WD084,Accounting,307,403.0,308.0,,308.0, 
902,WD091,Hospitality Management,210,281.0,228.0,,225.0, 
903,WD116,General Nursing,413,430.0,422.0,,446.0, 
904,WD117,Psychiatric Nursing,361,382.0,366.0,,415.0, 
905,WD120,Intellectual Disability Nursing,338,359.0,377.0,,390.0, 
906,WD134,International Business,289,350.0,290.0,,267.0, 
907,WD137,Design (Visual Communications),253,373.0,271.0,,252.0, 
908,WD140,Laws,290,352.0,280.0,,280.0, 
909,WD144,Architecture,283,385.0,284.0,,309.0, 
910,WD147,Pharmaceutical Science,298,363.0,293.0,,288.0, 
911,WD148,Tourism Marketing,269,338.0,,,,
912,WD149,Early Childhood Studies,288,336.0,271.0,,,
913,WD150,Criminal Justice Studies,271,311.0,270.0,,280.0, 
914,WD152,Visual Art,253,323.0,,,243.0, 
915,WD161,Computer Forensics and Security,262,401.0,255.0,,270.0, 
916,WD162,Quantity Surveying,260,320.0,216.0,,226.0, 
917,WD163,Psychology,390,429.0,434.0,,456.0, 
918,WD186,Sports Coaching and Performance,276,327.0,270.0,,261.0, 
919,WD187,Social Science,271,321.0,272.0,,276.0, 
920,WD191,Agricultural Science,378,421.0,377.0,,377.0, 
921,WD192,Social Care Practice,279,323.0,270.0,,271.0, 
922,WD193,Marketing and Digital Media,290,358.0,271.0,,279.0, 
923,WD194,Culinary Arts,235,331.0,217.0,,237.0, 
924,WD195,Architectural and Building Information Modelling Technology,266,305.0,279.0,,279.0, 
925,WD200,Arts (options),221,296.0,,AQA,201.0, 201
926,WD210,Software Systems Development,271,329.0,279.0,,260.0, 
927,WD211,Creative Computing,275,322.0,271.0,,270.0, 
928,WD212,Recreation and Sport Management,274,311.0,270.0,,262.0, 
929,WD230,Mechanical and Manufacturing Engineering,273,348.0,253.0,,230.0, 230
930,AL811,Civil Engineering,,,320.0,,,    
931,AL854,Sport Management (with international placement),,,302.0,299,300.0, 299
932,CI110,Counselling and Psychotherapy,,,310.0,,292.0, 
933,CI111,Counselling and Addiction Studies,,,301.0,,290.0, 
934,CI112,Counselling and Youth Studies,,,311.0,,325.0, 
935,CK123,Anthropology,,,308.0,,308.0, 
936,CK124,Education - Gaeilge,,,463.0,462,473.0, 
937,CK125,Sports Studies and Physical Education,,,510.0,509,564.0, 555
938,CK213,Food Marketing and Entrepreneurship,,,462.0,,466.0, 
939,CK214,International Development,,,346.0,,332.0, 
940,CR430,Sport and Exercise Management,,,322.0,,402.0, 
941,CR440,Montessori Education,,,288.0,,409.0, 408
942,CT325,Business,,,338.0,,253.0, 253
943,CW138,Sport and Exercise Science,,,423.0,,430.0, 423
944,CW148,Strength and Conditioning,,,379.0,,388.0, 
945,DC175,Physics General Entry (options),,,419.0,402,400.0, 
946,DC239,"Gaeilge, Iriseoireacht agus na Meáin Dhigiteacha",,,430.0,,,
947,DK822,Augmented and Virtual Reality,,,307.0,,320.0, 320
948,DK844,Mechanical Engineering,,,305.0,305,336.0, 336
949,DK845,Electrical & Electronic Engineering,,,304.0,304,331.0, 331
950,DK846,Civil Engineering,,,391.0,361,371.0, 371
951,DK850,International Tourism Management,,,317.0,317,303.0, 303
952,DK884,Sustainable Agriculture,,,,,348.0, 
953,DK885,Agri-Food Production,,,,,,    
954,DK886,Biopharmaceutical Science,,,301.0,,379.0, 
955,DK887,Environmental Science,,,330.0,,377.0, 
956,DL839,Interaction and User Experience Design,,,683.0,683,757.0,
957,DL840,Digital Marketing,,,228.0,228,210.0, 
958,DL841,English and Equality Studies,,,276.0,,277.0, 277
959,DN240,Sustainability,,,440.0,,510.0, 
960,GA285,"Education (Art, Design and Graphics)",,,,,406.0, 
961,GA685,Manufacturing Engineering Design,,,309.0,,336.0, 
962,GA891,Geography and Outdoor Education,,,244.0,,261.0, 
963,GA984,"Furniture Design, Making and Technology - Common Entry",,,284.0,,486.0, 467
964,GC250,Communications and Media Production,,,,,,
965,GY134,Geography and Geosystems,,,410.0,,425.0, 
966,GY253,Law and Taxation,,,509.0,,506.0, 
967,GY254,"Law (BCL), Criminology and Criminal Justice",,,530.0,,548.0, 
968,GY321,Genetics and Genomics,,,508.0,,532.0, 
969,LC115,Art and Design Teacher Education (portfolio),,,942.0,,993.0,
970,LC414,Data Analytics and Cyber Security,,,236.0,,,
971,LC416,Business,,,274.0,,260.0, 
972,LM091,Languages with concurrent Teacher Education,,,517.0,,506.0, 
973,LM097,Mathematics and Computer Science with concurrent Teacher Education,,,402.0,,465.0, 
974,LY748,Computer Science,,,317.0,317,316.0, 
975,MH203,Biological and Geographical Sciences,,,430.0,,451.0, 
976,MI004,Education - Primary Teaching - International,,,577.0,,589.0, 
977,MI014,"Education, Mathematics and Business Studies",,,434.0,,476.0, 
978,NM801,Montessori Education,,,220.0,,262.0, 
979,SG254,Writing and Literature Online,,,225.0,225,327.0, 
980,SG342,Civil Engineering,,,415.0,,418.0, 
981,SG348,Interior Architecture and Design,,,316.0,,359.0, 
982,SG450,Environmental Science with Ecology (Level 8),,,300.0,,310.0, 
983,TR042,Film,,,489.0,476,531.0, 522
984,TR043,History of Art and Architecture,,,393.0,354,498.0, 486
985,TR111,Ancient History and Archaeology/Geography,,,352.0,,,
986,TR112,Ancient History and Archaeology/History,,,529.0,,,
987,TR113,Ancient History and Archaeology/History of Art and Architecture,,,337.0,,,
988,TR114,Ancient History and Archaeology/Modern Language,,,337.0,,,
989,TR117,Ancient History and Archaeology/Religion,,,342.0,,,
990,TR166,Classical Civilisation/English Literature,,,498.0,496,,
991,TR173,Classical Civilisation/History of Art and Architecture,,,335.0,,,
992,TR177,Classical Civilisation/Modern Language,,,335.0,,,
993,TR179,Classical Civilisation/Philosophy,,,499.0,,,
994,TR198,Economics/Geography,,,534.0,,,
995,TR202,Economics/History,,,534.0,,,
996,TR207,Economics/Mathematics,,,566.0,,,
997,TR208,Economics/Modern Language,,,534.0,,,
998,TR209,Economics/Philosophy,,,534.0,,,
999,TR212,Economics/Sociology,,,534.0,,,
1000,TR228,Classical Languages/English Literature,,,498.0,,,
1001,TR231,Classical Languages/History of Art and Architecture,,,349.0,,,
1002,TR233,"Classical Languages/Middle Eastern,Jewish and Islamic Civilisations",,,349.0,,,
1003,TR239,Classical Languages/Modern Language,,,349.0,,,
1004,TR262,English Literature/History,,,529.0,,,
1005,TR263,English Literature/History of Art and Architecture,,,498.0,497,,
1006,TR269,English Literature/Philosophy,,,499.0,,,
1007,TR272,English Literature/Sociology,,,498.0,,,
1008,TR276,English Literature/Drama Studies,,,498.0,,,
1009,TR277,English Literature/Modern Language,,,498.0,495,,
1010,TR311,Film/Drama Studies,,,521.0,,,
1011,TR312,Film/English Literature,,,521.0,,,
1012,TR320,Film/Music,,,521.0,,,
1013,TR322,Geography/History,,,529.0,,,
1014,TR323,Drama Studies/Modern Language,,,473.0,,,
1015,TR324,Film/Modern Language,,,521.0,,,
1016,TR325,Film/History,,,529.0,,,
1017,TR326,Geography/Modern Language,,,352.0,,,
1018,TR332,Geography/Sociology,,,498.0,496,,
1019,TR443,History/History of Art and Architecture,,,529.0,,,
1020,TR447,History/Modern Language,,,529.0,,,
1021,TR449,History/Philosophy,,,529.0,,,
1022,TR452,History/Sociology,,,529.0,,,
1023,TR454,History/Religion,,,529.0,,,
1024,TR455,History of Art and Architecture/Modern Language,,,334.0,,,
1025,TR479,History of Art and Architecture/Philosophy,,,499.0,,,
1026,TR547,"Middle Eastern,Jewish and Islamic Civ./Ancient History and Archaeology",,,337.0,,,
1027,TR548,"Middle Eastern,Jewish and Islamic Civilisations/Classical Civilisation",,,335.0,,,
1028,TR554,"Middle Eastern,Jewish and Islamic Civilisations/History",,,529.0,,,
1029,TR563,"Middle Eastern,Jewish and Islamic Civilisations/Modern Language",,,335.0,,,
1030,TR564,"Middle Eastern,Jewish and Islamic Civilisations/Music",,,,,,
1031,TR565,"Middle Eastern,Jewish and Islamic Civilisations/Religion",,,342.0,,,
1032,TR597,Mathematics/Modern Language,,,566.0,,,
1033,TR598,Mathematics/Music,,,566.0,,,
1034,TR599,Mathematics/Philosophy,,,566.0,,,
1035,TR629,Music/Philosophy,,,499.0,,,
1036,TR635,Music/Drama Studies,,,473.0,,,
1037,TR636,Music/Modern Language,,,388.0,,,
1038,TR638,Music/Religion,,,388.0,,,
1039,TR639,Philosophy/Modern Language,,,499.0,,,
1040,TR662,Philosophy/Sociology,,,499.0,,,
1041,TR663,Religion/Classical Civilisation,,,342.0,,,
1042,TR664,Religion/English Literature,,,498.0,,,
1043,TR665,Religion/History of Art and Architecture,,,342.0,,,
1044,TR666,Religion/Modern Language,,,,,,
1045,TR667,French/Modern Language,,,403.0,,,
1046,TR668,German/Modern Language,,,389.0,,,
1047,TR669,Irish/Modern Language,,,368.0,,,
1048,TR670,Italian/Modern Language,,,381.0,,,
1049,TR671,Russian/Modern Language,,,332.0,,,
1050,TR672,Spanish/Modern Language,,,336.0,,,
1051,TR755,Sociology/Drama Studies,,,498.0,,,
1052,TR756,Sociology/Modern Language,,,498.0,495,,
1053,TU801,Biomedical Design,,,235.0,,235.0, 
1054,TU802,Electrical Services and Energy Management,,,317.0,300,309.0, 
1055,TU803,Electronic Engineering,,,243.0,243,,
1056,TU804,Engineering (Common Entry with Award options),,,271.0,,270.0, 
1057,TU805,Engineering (General Entry),,,402.0,,466.0, 465
1058,TU806,Sustainable Energy Engineering,,,262.0,,,
1059,TU807,Computer Engineering in Mobile Systems,,,276.0,,274.0, 
1060,TU808,Engineering Software,,,260.0,260,,
1061,TU809,Mechanical Engineering,,,235.0,,,
1062,TU810,Mechatronic Engineering,,,270.0,,271.0, 
1063,TU811,Product Design,,,411.0,,440.0, 434
1064,TU812,"Design,Technology and Innovation",,,270.0,,278.0, 
1065,TU813,Automation Engineering,,,218.0,218,,
1066,TU814,Transport Operations and Technology,,,285.0,251,253.0, 253
1067,TU831,Architectural Technology,,,410.0,,423.0, 
1068,TU832,Architecture (Suitability Test and Interview),,,622.0,,644.0,638
1069,TU833,Construction Management,,,367.0,,396.0, 
1070,TU834,Geographic Science,,,288.0,,315.0, 
1071,TU835,Planning and Environmental Management,,,313.0,,330.0, 
1072,TU836,Property Economics (Valuation Surveying),,,401.0,,411.0, 
1073,TU837,Quantity Surveying and Construction Economics,,,385.0,,413.0, 
1074,TU851,Analytical Chemistry (Environmental Forensic and Pharmaceutical),,,349.0,,400.0, 
1075,TU852,Chemical Sciences with Medicinal Chemistry,,,476.0,,477.0, 
1076,TU854,Science (General Entry),,,476.0,,510.0, 
1077,TU855,Science with Nanotechnology,,,331.0,319,322.0, 
1078,TU856,Computer Science,,,476.0,,499.0, 
1079,TU857,Computer Science (Infrastructure),,,391.0,,403.0, 
1080,TU858,Computer Science (International),,,377.0,,395.0, 
1081,TU859,Computing,,,217.0,234,251.0, 
1082,TU860,Computing (Information Technology),,,260.0,,270.0, 
1083,TU861,Computing with Language (French/German/Spanish),,,308.0,308,235.0, 235
1084,TU862,Computing with Data Analytics,,,226.0,226,262.0, 
1085,TU863,Digital Forensics and Cyber Security,,,280.0,,282.0, 
1086,TU864,DNA and Forensic Analysis,,,400.0,390,500.0, 441
1087,TU865,Computing with IT Management,,,226.0,,235.0, 
1088,TU866,Biomedical and Molecular Diagnostics,,,487.0,,522.0, 
1089,TU867,Biomedical Science,,,524.0,,576.0, 566
1090,TU868,Clinical Measurement Science,,,510.0,,542.0, 
1091,TU869,Environmental Health,,,336.0,,387.0, 
1092,TU870,Human Nutrition and Dietetics,,,578.0,,601.0,
1093,TU871,Optometry,,,509.0,,532.0, 
1094,TU872,Public Health Nutrition,,,491.0,,487.0, 
1095,TU873,Industrial Mathematics,,,250.0,250,,
1096,TU874,Mathematical Sciences,,,341.0,,294.0, 294
1097,TU875,Pharmaceutical Healthcare,,,400.0,,451.0, 
1098,TU876,Pharmaceutical Science,,,377.0,349,445.0, 
1099,TU877,Physics Technology,,,308.0,,314.0, 314
1100,TU878,Physics with Energy and Environment,,,337.0,337,339.0, 
1101,TU879,Physics with Medical Physics and Bioengineering,,,351.0,,346.0, 
1102,TU880,Physics with Data Science,,,578.0,,412.0, 
1103,TU881,Food Innovation,,,318.0,,309.0, 
1104,TU882,Nutraceuticals in Health and Nutrition,,,397.0,,380.0, 
1105,TU901,Business,,,270.0,,,
1106,TU902,Business (Common Entry with Award options),,,271.0,,270.0, 
1107,TU903,Business and Management,,,463.0,,477.0, 
1108,TU904,Business and Law,,,462.0,,462.0, 
1109,TU905,Economics and Finance,,,465.0,,460.0, 
1110,TU906,Human Resource Management,,,395.0,,386.0, 377
1111,TU907,Logistics and Supply Chain Management,,,300.0,,300.0, 
1112,TU908,Management,,,262.0,253,,
1113,TU909,Accounting and Finance,,,285.0,,,
1114,TU910,Accounting and Finance,,,444.0,,420.0, 
1115,TU911,Accounting and Finance,,,209.0,192,,
1116,TU912,Business Analytics,,,330.0,,331.0, 311
1117,TU913,Business and Information Technology,,,252.0,,,
1118,TU914,Business Computing,,,324.0,,322.0, 
1119,TU915,International Business,,,252.0,,,
1120,TU916,International Business,,,235.0,235,,
1121,TU917,Law (LLB ) with a Language,,,342.0,,356.0, 
1122,TU918,Law (LLB),,,451.0,,463.0, 
1123,TU919,Advertising and Marketing Communications,,,228.0,226,219.0, 
1124,TU920,Digital Marketing,,,270.0,,270.0, 
1125,TU921,Digital Marketing Technologies,,,212.0,212,230.0, 
1126,TU922,Marketing,,,418.0,,412.0, 
1127,TU923,Marketing Management,,,228.0,276,,
1128,TU924,E-Commerce in Retailing,,,307.0,,307.0, 
1129,TU925,Retail and Services Management,,,301.0,,307.0, 
1130,TU935,Sports Management and Coaching,,,300.0,,300.0, 
1131,TU936,Sports Science and Health,,,410.0,391,484.0, 
1132,TU941,Botanical Cuisine,,,249.0,,311.0, 
1133,TU942,Culinary Arts,,,212.0,212,252.0, 
1134,TU943,Culinary Entrepreneurship,,,278.0,,261.0, 
1135,TU944,Culinary Science,,,316.0,,336.0, 
1136,TU951,International Hospitality and Tourism Management,,,184.0,184,244.0, 
1137,TU952,International Hospitality Management,,,300.0,,309.0, 
1138,TU953,Tourism and Digital Marketing,,,290.0,,308.0, 
1139,TU954,Event Management,,,356.0,,326.0, 
1140,TU955,Sports & Leisure Management,,,217.0,317,275.0, 
1141,TU961,Commercial Modern Music,,,608.0,608,536.0,536
1142,TU962,Drama (Performance),,,379.0,,448.0,
1143,TU963,Music,,,416.0,,364.0,
1144,TU965,International Business and Languages,,,356.0,346,357.0, 
1145,TU966,Languages and English Studies,,,366.0,,,
1146,TU967,Languages and International Tourism,,,308.0,,298.0, 
1147,TU971,Contemporary Visual Culture,,,290.0,,,
1148,TU972,Creative and Cultural Industries,,,281.0,,,
1149,TU973,Design - Visual Communication,,,717.0,,700.0,
1150,TU974,Fine Art,,,709.0,563,549.0,
1151,TU975,Interior Design,,,632.0,,544.0,
1152,TU976,Photography,,,695.0,,700.0,
1153,TU981,Creative Digital Media,,,280.0,,280.0, 
1154,TU982,Creative Digital Media,,,320.0,311,369.0, 
1155,TU983,Film and Broadcasting,,,456.0,451,462.0, 453
1156,TU984,Game Design,,,381.0,,414.0, 
1157,TU985,Journalism,,,322.0,,367.0, 
1158,TU986,Print Media Technology and Management,,,289.0,,,
1159,TU991,Applied Social Studies in Social Care,,,325.0,,326.0, 
1160,TU992,Community and Youth Development,,,251.0,,251.0, 
1161,TU993,Early Childhood Care and Education,,,270.0,,,
1162,TU994,Early Childhood Care and Education,,,321.0,251,,
1163,TU995,Early Childhood Education,,,367.0,,378.0, 
1164,TU996,Social Care,,,400.0,,407.0, 
1165,TU997,Applied Social Care,,,310.0,283,320.0, 
1166,AL835,Pharmacology                                      ,,,,,356.0, 
1167,AL849,Culinary Entrepreneurship                         ,,,,,297.0, 
1168,AL859,International Business                            ,,,,,308.0, 
1169,CR435,Coaching Science and Sports Pedagogy              ,,,,,410.0, 
1170,CR930,Home Economics and Business                       ,,,,,518.0,
1171,DC163,Chemical Sciences General Entry (Undenominated Ent,,,,,466.0,
1172,DC180,Biological Sciences General Entry (Undenominated E,,,,,530.0, 
1173,DC194,Sustainable Systems and Energy                    ,,,,,476.0, 
1174,DC207,Psychology and Mathematics                        ,,,,,521.0, 
1175,DC210,Psychology and Disruptive Technologies            ,,,,,506.0, 
1176,DC241,Digital Business and Innovation                   ,,,,,509.0, 
1177,DC294,Climate and Environmental Sustainability          ,,,,,475.0, 
1178,DL843,Film                                              ,,,,,987.0,874
1179,DL844,Television                                        ,,,,,566.0,
1180,DL845,Design for Film (degree options)                  ,,,,,628.0,
1181,GC307,Business (Marketing)                              ,,,,,289.0, 270
1182,BY001,Business                                          ,,,,,210.0, 210
1183,NC030,Early Childhood Education and Care                ,,,,,251.0, 251
1184,NM802,Psychology                                        ,,,,,228.0, 
1185,TU828,Mechanical Engineering (General Entry)            ,,,,,300.0, 
1186,TU829,Electronic Engineering (General Entry)            ,,,,,248.0, 248
1187,TU838,Sustainable Timber Technology                     ,,,,,307.0, 271
1188,TU932,Business (options)                                ,,,,,211.0, 
1189,TU933,Accounting and Finance (campus options)           ,,,,,251.0, 
1190,TU978,Creative Industries and Visual Culture            ,,,,,299.0, 
1191,TU989,Early Childhood Care and Education (campus options,,,,,270.0, 
1192,TR064,Environmental Science and Engineering             ,,,,,555.0, 
1193,GA892,Community Development and Youth Work (Level 8)    ,,,,,,    
1194,GA983,Furniture and Digital Manufacturing               ,,,,,,    
1195,GY135,Arts (Global Media)                               ,,,,,442.0, 
1196,GY136,Na Dána (Léann Teanga - options)                  ,,,,,526.0, 
1197,GY322,Agricultural Sciences                             ,,,,,485.0, 
1198,LY128,Marketing with Online Technologies                ,,,,,261.0, 261
1199,LY538,Architectural Technology                          ,,,,,234.0, 234
1200,LM019,Social Sciences                                   ,,,,,451.0, 
1201,LM066,Environmental Science                             ,,,,,430.0, 
1202,LM105,Exercise and Health Fitness Management            ,,,,,441.0, 
1203,MH003,Early Childhood - Teaching and Learning (full-time,,,,,381.0, 
1204,SG145,Business and ICT                                  ,,,,,279.0, 
1205,SG150,Business in Marketing                             ,,,,,298.0, 
1206,SG255,Law and Business                                  ,,,,,291.0, 
1207,SG341,General Engineering                               ,,,,,373.0, 
1208,SG344,Mechanical Engineering                            ,,,,,412.0, 
1209,SG349,Electronics and Self Driving Technologies         ,,,,,,    
1210,SG350,Robotics and Automation                           ,,,,,384.0, 
1211,TL874,Inclusive Sport and Physical Activity             ,,,,,341.0, 
1212,WD231,Early Childhood Care and Education                ,,,,,266.0, 
1213,WD232,Business Information Systems                      ,,,,,261.0, 261                                 
